Order #,Order Date,Menu Item,Menu Subgroup(s),Menu Group,Menu,Net Price,Qty,Void?,Deferred
1,5/18/24 8:02 AM,Mokaccino,,Espresso Bar,BEVERAGES,2.87,1.0,false,false
1,5/18/24 8:02 AM,VOLARE,,Panini,FOOD,7.51,1.0,false,false
3,5/18/24 8:08 AM,Espresso doppio-double espresso,,Espresso Bar,BEVERAGES,3.50,1.0,false,false
3,5/18/24 8:08 AM,San Pellegrino glass bottle,,Non-Alcoholic,BEVERAGES,3.75,1.0,false,false
4,5/18/24 8:08 AM,Americano,,Espresso Bar,BEVERAGES,9.00,2.0,false,false
4,5/18/24 8:08 AM,Plain Cornetto,,Cornetti/Bombolone,FOOD,0.00,1.0,false,false
4,5/18/24 8:08 AM,Frittata,,Colazione - Breakfast,FOOD,8.35,1.0,false,false
5,5/18/24 8:11 AM,Latte Macchiato,,Espresso Bar,BEVERAGES,5.25,1.0,false,false
5,5/18/24 8:11 AM,Americano,,Espresso Bar,BEVERAGES,4.50,1.0,false,false
5,5/18/24 8:11 AM,Crostone Avocado,,Colazione - Breakfast,FOOD,10.20,1.0,false,false
5,5/18/24 8:11 AM,Piadina Ham & Cheese,,Colazione - Breakfast,FOOD,6.96,1.0,false,false
5,5/18/24 8:11 AM,Plain Cornetto,,Cornetti/Bombolone,FOOD,3.02,1.0,false,false
7,5/18/24 8:14 AM,Mokaccino,,Espresso Bar,BEVERAGES,3.75,1.0,false,false
7,5/18/24 8:14 AM,Mokaccino,,Espresso Bar,BEVERAGES,3.75,1.0,false,false
7,5/18/24 8:14 AM,Cappuccino,,Espresso Bar,BEVERAGES,4.25,1.0,false,false
7,5/18/24 8:14 AM,Crostone Avocado,,Colazione - Breakfast,FOOD,12.06,1.0,false,false
7,5/18/24 8:14 AM,Plain Cornetto,,Cornetti/Bombolone,FOOD,6.03,2.0,false,false
6,5/18/24 8:13 AM,Plain Cornetto,,Cornetti/Bombolone,FOOD,12.06,4.0,false,false
6,5/18/24 8:13 AM,Saccottino Choc/ Danish,,Cornetti/Bombolone,FOOD,4.17,1.0,false,false
6,5/18/24 8:13 AM,treccia choc/cinnamon roll,,Cornetti/Bombolone,FOOD,3.94,1.0,false,false
6,5/18/24 8:13 AM,treccia choc/cinnamon roll,,Cornetti/Bombolone,FOOD,3.94,1.0,false,false
8,5/18/24 8:22 AM,Plain Cornetto,,Cornetti/Bombolone,FOOD,0.57,1.0,false,false
8,5/18/24 8:22 AM,Cappuccino,,Espresso Bar,BEVERAGES,0.79,1.0,false,false
7,5/18/24 8:14 AM,Frittata,,Colazione - Breakfast,FOOD,8.35,1.0,false,false
9,5/18/24 8:27 AM,Mokaccino,,Espresso Bar,BEVERAGES,4.25,1.0,false,false
9,5/18/24 8:27 AM,Espresso doppio macchiato,,Espresso Bar,BEVERAGES,3.75,1.0,false,false
9,5/18/24 8:27 AM,chocolate cornetto,,Cornetti/Bombolone,FOOD,3.48,1.0,false,false
9,5/18/24 8:27 AM,Sfogliatella napoletana,,Cornetti/Bombolone,FOOD,3.48,1.0,false,false
11,5/18/24 8:29 AM,Cappuccino,,Espresso Bar,BEVERAGES,8.50,2.0,false,false
12,5/18/24 8:31 AM,NAPULÈ,,Panini,FOOD,55.66,5.0,false,false
13,5/18/24 8:31 AM,Ham and Cheese,,Cornetti/Bombolone,FOOD,6.50,1.0,false,false
13,5/18/24 8:31 AM,Americano,,Espresso Bar,BEVERAGES,5.00,1.0,false,false
14,5/18/24 8:36 AM,Cappuccino Pistacchio,,Espresso Bar,BEVERAGES,5.00,1.0,false,false
14,5/18/24 8:36 AM,Americano,,Espresso Bar,BEVERAGES,4.00,1.0,false,false
14,5/18/24 8:36 AM,Plain Cornetto,,Cornetti/Bombolone,FOOD,3.02,1.0,false,false
3,5/18/24 8:08 AM,Cappuccino,,Espresso Bar,BEVERAGES,4.25,1.0,false,false
3,5/18/24 8:08 AM,Hot chocolate,,Espresso Bar,BEVERAGES,4.25,1.0,false,false
3,5/18/24 8:08 AM,Ham and Cheese,,Cornetti/Bombolone,FOOD,6.50,1.0,false,false
3,5/18/24 8:08 AM,Crostone Avocado,,Colazione - Breakfast,FOOD,10.20,1.0,false,false
3,5/18/24 8:08 AM,Espresso corretto,,Espresso Bar,BEVERAGES,4.25,1.0,false,false
3,5/18/24 8:08 AM,Sfogliatella napoletana,,Cornetti/Bombolone,FOOD,3.48,1.0,false,false
3,5/18/24 8:08 AM,chocolate cornetto,,Cornetti/Bombolone,FOOD,3.48,1.0,false,false
15,5/18/24 8:38 AM,Saccottino Choc/ Danish,,Cornetti/Bombolone,FOOD,4.17,1.0,false,false
15,5/18/24 8:38 AM,Saccottino Choc/ Danish,,Cornetti/Bombolone,FOOD,4.17,1.0,false,false
15,5/18/24 8:38 AM,treccia choc/cinnamon roll,,Cornetti/Bombolone,FOOD,3.94,1.0,false,false
15,5/18/24 8:38 AM,Latte Macchiato,,Espresso Bar,BEVERAGES,4.50,1.0,false,false
15,5/18/24 8:38 AM,NAPULÈ,,Panini,FOOD,11.13,1.0,false,false
15,5/18/24 8:38 AM,Espresso doppio-double espresso,,Espresso Bar,BEVERAGES,3.50,1.0,false,false
16,5/18/24 8:43 AM,Nutella cornetto,,Cornetti/Bombolone,FOOD,3.48,1.0,false,false
16,5/18/24 8:43 AM,Plain Cornetto,,Cornetti/Bombolone,FOOD,3.02,1.0,false,false
3,5/18/24 8:08 AM,Latte Macchiato,,Espresso Bar,BEVERAGES,4.25,1.0,false,false
17,5/18/24 8:50 AM,Cappuccino,,Espresso Bar,BEVERAGES,4.25,1.0,false,false
17,5/18/24 8:50 AM,Cappuccino,,Espresso Bar,BEVERAGES,4.25,1.0,false,false
17,5/18/24 8:50 AM,Cappuccino,,Espresso Bar,BEVERAGES,4.25,1.0,false,false
17,5/18/24 8:50 AM,Espresso Quarta,,Espresso Bar,BEVERAGES,3.00,1.0,false,false
17,5/18/24 8:50 AM,Saccottino Choc/ Danish,,Cornetti/Bombolone,FOOD,4.17,1.0,false,false
17,5/18/24 8:50 AM,Plain Bombolone,,Cornetti/Bombolone,FOOD,3.24,1.0,false,false
17,5/18/24 8:50 AM,Ham and Cheese,,Cornetti/Bombolone,FOOD,6.50,1.0,false,false
18,5/18/24 8:50 AM,Add Value ($),,,,20.00,1.0,false,true
19,5/18/24 8:53 AM,Cappuccino,,Espresso Bar,BEVERAGES,4.25,1.0,false,false
19,5/18/24 8:53 AM,Latte Macchiato,,Espresso Bar,BEVERAGES,5.00,1.0,false,false
19,5/18/24 8:53 AM,Plain Cornetto,,Cornetti/Bombolone,FOOD,3.02,1.0,false,false
19,5/18/24 8:53 AM,treccia choc/cinnamon roll,,Cornetti/Bombolone,FOOD,3.94,1.0,false,false
19,5/18/24 8:53 AM,Saccottino Choc/ Danish,,Cornetti/Bombolone,FOOD,4.17,1.0,false,false
20,5/18/24 9:01 AM,Cappuccino,,Espresso Bar,BEVERAGES,4.25,1.0,false,false
20,5/18/24 9:01 AM,Sfogliatella napoletana,,Cornetti/Bombolone,FOOD,3.48,1.0,false,false
11,5/18/24 8:29 AM,Crostone Avocado,,Colazione - Breakfast,FOOD,10.20,1.0,false,false
21,5/18/24 9:02 AM,Latte Macchiato,,Espresso Bar,BEVERAGES,4.50,1.0,false,false
22,5/18/24 9:03 AM,Ham and Cheese,,Cornetti/Bombolone,FOOD,6.50,1.0,false,false
22,5/18/24 9:03 AM,Latte Macchiato,,Espresso Bar,BEVERAGES,4.25,1.0,false,false
22,5/18/24 9:03 AM,traditional biscotto mix,,BAKERY DISPLAY,RETAIL,5.00,1.0,false,false
11,5/18/24 8:29 AM,Americano,,Espresso Bar,BEVERAGES,4.00,1.0,false,false
3,5/18/24 8:08 AM,San Pellegrino glass bottle,,Non-Alcoholic,BEVERAGES,3.75,1.0,false,false
24,5/18/24 9:06 AM,Latte Macchiato,,Espresso Bar,BEVERAGES,5.25,1.0,false,false
24,5/18/24 9:06 AM,Mokaccino Ferrero Rocher,,Espresso Bar,BEVERAGES,5.00,1.0,false,false
23,5/18/24 9:05 AM,RIGOLETTO,,Panini,FOOD,9.28,1.0,false,false
3,5/18/24 8:08 AM,NESSUN DORMA,,Panini,FOOD,11.13,1.0,false,false
3,5/18/24 8:08 AM,Espresso doppio-double espresso,,Espresso Bar,BEVERAGES,3.50,1.0,false,false
3,5/18/24 8:08 AM,Negroni Sbagliato,,House Cocktails,BEVERAGES,13.00,1.0,false,false
3,5/18/24 8:08 AM,Saccottino Choc/ Danish,,Cornetti/Bombolone,FOOD,4.17,1.0,false,false
25,5/18/24 9:09 AM,VOLARE,,Panini,FOOD,11.13,1.0,false,false
27,5/18/24 9:14 AM,Latte Macchiato,,Espresso Bar,BEVERAGES,4.50,1.0,false,false
27,5/18/24 9:14 AM,Mokaccino Ferrero Rocher,,Espresso Bar,BEVERAGES,5.00,1.0,false,false
26,5/18/24 9:11 AM,Americano,,Espresso Bar,BEVERAGES,10.00,2.0,false,false
26,5/18/24 9:11 AM,Cappuccino,,Espresso Bar,BEVERAGES,4.25,1.0,false,false
26,5/18/24 9:11 AM,Occhio di bue/coconut Cookie,,BAKERY DISPLAY,RETAIL,7.00,2.0,false,false
24,5/18/24 9:06 AM,treccia choc/cinnamon roll,,Cornetti/Bombolone,FOOD,3.94,1.0,false,false
24,5/18/24 9:06 AM,Sfogliatella napoletana,,Cornetti/Bombolone,FOOD,3.48,1.0,false,false
27,5/18/24 9:14 AM,Ham and Cheese,,Cornetti/Bombolone,FOOD,6.50,1.0,false,false
27,5/18/24 9:14 AM,Sfogliatella napoletana,,Cornetti/Bombolone,FOOD,3.48,1.0,false,false
27,5/18/24 9:14 AM,Piadina Crudo,,Panini,FOOD,8.35,1.0,false,false
29,5/18/24 9:20 AM,Cappuccino,,Espresso Bar,BEVERAGES,4.25,1.0,false,false
29,5/18/24 9:20 AM,Cappuccino,,Espresso Bar,BEVERAGES,4.25,1.0,false,false
29,5/18/24 9:20 AM,Saccottino Choc/ Danish,,Cornetti/Bombolone,FOOD,4.17,1.0,false,false
29,5/18/24 9:20 AM,Frittata,,Colazione - Breakfast,FOOD,8.35,1.0,false,false
29,5/18/24 9:20 AM,Roasted Potatoes,,Colazione - Breakfast,FOOD,4.17,1.0,false,false
28,5/18/24 9:15 AM,Latte Macchiato,,Espresso Bar,BEVERAGES,5.50,1.0,false,false
28,5/18/24 9:15 AM,Saccottino Choc/ Danish,,Cornetti/Bombolone,FOOD,4.17,1.0,false,false
30,5/18/24 9:25 AM,Mokaccino Ferrero Rocher,,Espresso Bar,BEVERAGES,5.00,1.0,false,false
30,5/18/24 9:25 AM,Saccottino Choc/ Danish,,Cornetti/Bombolone,FOOD,4.17,1.0,false,false
31,5/18/24 9:25 AM,Espresso Quarta,,Espresso Bar,BEVERAGES,3.00,1.0,false,false
31,5/18/24 9:25 AM,Saccottino Choc/ Danish,,Cornetti/Bombolone,FOOD,4.17,1.0,false,false
31,5/18/24 9:25 AM,Nutella cornetto,,Cornetti/Bombolone,FOOD,3.48,1.0,false,false
31,5/18/24 9:25 AM,Saccottino Choc/ Danish,,Cornetti/Bombolone,FOOD,4.17,1.0,false,false
31,5/18/24 9:25 AM,SLICE CAKE,,BAKERY DISPLAY,RETAIL,6.50,1.0,false,false
31,5/18/24 9:25 AM,SLICE CAKE,,BAKERY DISPLAY,RETAIL,6.50,1.0,false,false
31,5/18/24 9:25 AM,SLICE CAKE,,BAKERY DISPLAY,RETAIL,6.50,1.0,false,false
32,5/18/24 9:31 AM,Espresso Shakerato,,Espresso Bar,BEVERAGES,3.75,1.0,false,false
32,5/18/24 9:31 AM,Cappuccino Pistacchio,,Espresso Bar,BEVERAGES,5.00,1.0,false,false
32,5/18/24 9:31 AM,Frittata,,Colazione - Breakfast,FOOD,8.35,1.0,false,false
32,5/18/24 9:31 AM,NESSUN DORMA,,Panini,FOOD,11.13,1.0,false,false
33,5/18/24 9:34 AM,Cappuccino,,Espresso Bar,BEVERAGES,4.25,1.0,false,false
33,5/18/24 9:34 AM,Espresso in ghiaccio/with ice,,Espresso Bar,BEVERAGES,4.75,1.0,false,false
33,5/18/24 9:34 AM,Saccottino Choc/ Danish,,Cornetti/Bombolone,FOOD,4.17,1.0,false,false
33,5/18/24 9:34 AM,Sfogliatella napoletana,,Cornetti/Bombolone,FOOD,3.48,1.0,false,false
33,5/18/24 9:34 AM,treccia choc/cinnamon roll,,Cornetti/Bombolone,FOOD,3.94,1.0,false,false
33,5/18/24 9:34 AM,NESSUN DORMA,,Panini,FOOD,11.13,1.0,false,false
34,5/18/24 9:37 AM,Cappuccino Pistacchio,,Espresso Bar,BEVERAGES,5.00,1.0,false,false
34,5/18/24 9:37 AM,treccia choc/cinnamon roll,,Cornetti/Bombolone,FOOD,3.94,1.0,false,false
34,5/18/24 9:37 AM,Latte Macchiato,,Espresso Bar,BEVERAGES,4.75,1.0,false,false
34,5/18/24 9:37 AM,Crostone Avocado,,Colazione - Breakfast,FOOD,12.06,1.0,false,false
34,5/18/24 9:37 AM,Sfogliatella napoletana,,Cornetti/Bombolone,FOOD,3.48,1.0,false,false
35,5/18/24 9:41 AM,Saccottino Choc/ Danish,,Cornetti/Bombolone,FOOD,4.17,1.0,false,false
35,5/18/24 9:41 AM,Saccottino Choc/ Danish,,Cornetti/Bombolone,FOOD,4.17,1.0,false,false
36,5/18/24 9:42 AM,Langhe Rosso - G.D. Vajra,,RETAIL WINE,RETAIL,19.00,1.0,false,false
36,5/18/24 9:42 AM,Fondo Montebello Balsamic Italy,,MARKET,RETAIL,16.99,1.0,false,false
36,5/18/24 9:42 AM,VV Cantuccini,,MARKET,RETAIL,5.10,1.0,false,false
38,5/18/24 9:47 AM,Piadina Crudo,,Colazione - Breakfast,FOOD,8.35,1.0,false,false
38,5/18/24 9:47 AM,Hot chocolate,,Espresso Bar,BEVERAGES,4.25,1.0,false,false
38,5/18/24 9:47 AM,Saccottino Choc/ Danish,,Cornetti/Bombolone,FOOD,4.17,1.0,false,false
39,5/18/24 9:49 AM,Espresso Quarta,,Espresso Bar,BEVERAGES,3.00,1.0,false,false
39,5/18/24 9:49 AM,Espresso Shakerato,,Espresso Bar,BEVERAGES,3.75,1.0,false,false
37,5/18/24 9:46 AM,Americano,,Espresso Bar,BEVERAGES,8.00,2.0,false,false
40,5/18/24 9:53 AM,Crostone Avocado,,Colazione - Breakfast,FOOD,10.20,1.0,false,false
40,5/18/24 9:53 AM,Crostone Avocado,,Colazione - Breakfast,FOOD,8.35,1.0,false,false
39,5/18/24 9:49 AM,Nutella cornetto,,Cornetti/Bombolone,FOOD,3.48,1.0,false,false
41,5/18/24 9:54 AM,Espresso Macchiato,,Espresso Bar,BEVERAGES,6.50,2.0,false,false
41,5/18/24 9:54 AM,Sfogliatella napoletana,,Cornetti/Bombolone,FOOD,3.48,1.0,false,false
41,5/18/24 9:54 AM,Saccottino Choc/ Danish,,Cornetti/Bombolone,FOOD,4.17,1.0,false,false
41,5/18/24 9:54 AM,Pocket Coffee 5 piece,,MARKET,RETAIL,14.50,1.0,false,false
42,5/18/24 9:55 AM,Affogato,,Espresso Bar,BEVERAGES,6.50,1.0,false,false
42,5/18/24 9:55 AM,L'ITALIANO,,Panini,FOOD,9.28,1.0,false,false
42,5/18/24 9:55 AM,Roasted Potatoes,,Colazione - Breakfast,FOOD,4.17,1.0,false,false
42,5/18/24 9:55 AM,Latte Macchiato,,Espresso Bar,BEVERAGES,5.00,1.0,false,false
42,5/18/24 9:55 AM,Piadina Nutella,,Colazione - Breakfast,FOOD,6.96,1.0,false,false
43,5/18/24 9:56 AM,Mokaccino Ferrero Rocher,,Espresso Bar,BEVERAGES,5.00,1.0,false,false
43,5/18/24 9:56 AM,Mokaccino Ferrero Rocher,,Espresso Bar,BEVERAGES,5.00,1.0,false,false
43,5/18/24 9:56 AM,Cappuccino,,Espresso Bar,BEVERAGES,4.25,1.0,false,false
43,5/18/24 9:56 AM,Santal Fruit Juice,,Non-Alcoholic,BEVERAGES,2.95,1.0,true,false
44,5/18/24 9:57 AM,Saccottino Choc/ Danish,,Cornetti/Bombolone,FOOD,4.17,1.0,false,false
44,5/18/24 9:57 AM,Saccottino Choc/ Danish,,Cornetti/Bombolone,FOOD,4.17,1.0,false,false
44,5/18/24 9:57 AM,Saccottino Choc/ Danish,,Cornetti/Bombolone,FOOD,4.17,1.0,false,false
45,5/18/24 9:58 AM,Cappuccino,,Espresso Bar,BEVERAGES,9.00,2.0,false,false
45,5/18/24 9:58 AM,Plain Cornetto,,Cornetti/Bombolone,FOOD,3.02,1.0,false,false
46,5/18/24 9:59 AM,Cappuccino,,Espresso Bar,BEVERAGES,4.25,1.0,false,false
46,5/18/24 9:59 AM,Americano,,Espresso Bar,BEVERAGES,4.00,1.0,false,false
46,5/18/24 9:59 AM,Ham and Cheese,,Cornetti/Bombolone,FOOD,6.50,1.0,false,false
46,5/18/24 9:59 AM,O SOLE MIO,,Panini,FOOD,11.13,1.0,false,false
47,5/18/24 9:59 AM,Crostone Avocado,,Colazione - Breakfast,FOOD,10.20,1.0,false,false
47,5/18/24 9:59 AM,Crostone Avocado,,Colazione - Breakfast,FOOD,10.20,1.0,false,false
47,5/18/24 9:59 AM,Cappuccino Pistacchio,,Espresso Bar,BEVERAGES,5.00,1.0,false,false
47,5/18/24 9:59 AM,Latte Macchiato,,Espresso Bar,BEVERAGES,5.25,1.0,false,false
43,5/18/24 9:56 AM,Sfogliatella napoletana,,Cornetti/Bombolone,FOOD,3.48,1.0,false,false
43,5/18/24 9:56 AM,treccia choc/cinnamon roll,,Cornetti/Bombolone,FOOD,3.94,1.0,false,false
43,5/18/24 9:56 AM,Saccottino Choc/ Danish,,Cornetti/Bombolone,FOOD,4.17,1.0,false,false
43,5/18/24 9:56 AM,Saccottino Choc/ Danish,,Cornetti/Bombolone,FOOD,4.17,1.0,false,false
43,5/18/24 9:56 AM,treccia choc/cinnamon roll,,Cornetti/Bombolone,FOOD,3.94,1.0,false,false
43,5/18/24 9:56 AM,L'ITALIANO,,Panini,FOOD,9.28,1.0,false,false
43,5/18/24 9:56 AM,Cappuccino,,Espresso Bar,BEVERAGES,4.25,1.0,false,false
43,5/18/24 9:56 AM,Saccottino Choc/ Danish,,Cornetti/Bombolone,FOOD,4.17,1.0,false,false
43,5/18/24 9:56 AM,NESSUN DORMA,,Panini,FOOD,11.13,1.0,false,false
43,5/18/24 9:56 AM,Sfogliatella napoletana,,Cornetti/Bombolone,FOOD,3.48,1.0,false,false
43,5/18/24 9:56 AM,Apricot\strawberry cornetto,,Cornetti/Bombolone,FOOD,3.48,1.0,false,false
43,5/18/24 9:56 AM,Apricot\strawberry cornetto,,Cornetti/Bombolone,FOOD,3.48,1.0,false,false
49,5/18/24 10:14 AM,Sfogliatella napoletana,,Cornetti/Bombolone,FOOD,3.48,1.0,false,false
49,5/18/24 10:14 AM,Sfogliatella napoletana,,Cornetti/Bombolone,FOOD,3.48,1.0,false,false
49,5/18/24 10:14 AM,Cappuccino,,Espresso Bar,BEVERAGES,4.75,1.0,false,false
49,5/18/24 10:14 AM,Nutella cornetto,,Cornetti/Bombolone,FOOD,3.48,1.0,false,false
48,5/18/24 10:12 AM,Piadina Crudo,,Colazione - Breakfast,FOOD,8.35,1.0,false,false
48,5/18/24 10:12 AM,NAPULÈ,,Panini,FOOD,11.13,1.0,false,false
48,5/18/24 10:12 AM,AZZURRO,,Panini,FOOD,12.06,1.0,false,false
48,5/18/24 10:12 AM,Frittata,,Colazione - Breakfast,FOOD,8.35,1.0,false,false
48,5/18/24 10:12 AM,Roasted Potatoes,,Colazione - Breakfast,FOOD,4.17,1.0,false,false
48,5/18/24 10:12 AM,Roasted Potatoes,,Colazione - Breakfast,FOOD,4.17,1.0,false,false
48,5/18/24 10:12 AM,Roasted Potatoes,,Colazione - Breakfast,FOOD,4.17,1.0,false,false
48,5/18/24 10:12 AM,Espresso Quarta,,Espresso Bar,BEVERAGES,3.00,1.0,false,false
48,5/18/24 10:12 AM,Latte Macchiato,,Espresso Bar,BEVERAGES,4.50,1.0,false,false
48,5/18/24 10:12 AM,Crostone Avocado,,Colazione - Breakfast,FOOD,13.91,1.0,false,false
48,5/18/24 10:12 AM,Latte Macchiato,,Espresso Bar,BEVERAGES,5.25,1.0,false,false
39,5/18/24 9:49 AM,Frittata,,Colazione - Breakfast,FOOD,8.35,1.0,false,false
39,5/18/24 9:49 AM,Crostone Avocado,,Colazione - Breakfast,FOOD,12.06,1.0,false,false
39,5/18/24 9:49 AM,San Pellegrino glass bottle,,Non-Alcoholic,BEVERAGES,3.75,1.0,false,false
50,5/18/24 10:23 AM,Cappuccino Pistacchio,,Espresso Bar,BEVERAGES,11.00,2.0,false,false
50,5/18/24 10:23 AM,Crostone Avocado,,Colazione - Breakfast,FOOD,10.20,1.0,false,false
50,5/18/24 10:23 AM,Piadina Ham & Cheese,,Colazione - Breakfast,FOOD,6.96,1.0,false,false
39,5/18/24 9:49 AM,Piadina Crudo,,Panini,FOOD,8.35,1.0,false,false
52,5/18/24 10:37 AM,Latte Macchiato,,Espresso Bar,BEVERAGES,10.00,2.0,false,false
52,5/18/24 10:37 AM,Nutella cornetto,,Cornetti/Bombolone,FOOD,3.48,1.0,false,false
52,5/18/24 10:37 AM,treccia choc/cinnamon roll,,Cornetti/Bombolone,FOOD,3.94,1.0,false,false
54,5/18/24 10:39 AM,Plain Cornetto,,Cornetti/Bombolone,FOOD,3.02,1.0,false,false
53,5/18/24 10:39 AM,Cappuccino,,Espresso Bar,BEVERAGES,8.50,2.0,false,false
53,5/18/24 10:39 AM,Plain Cornetto,,Cornetti/Bombolone,FOOD,3.02,1.0,false,false
53,5/18/24 10:39 AM,Plain Cornetto,,Cornetti/Bombolone,FOOD,3.02,1.0,false,false
53,5/18/24 10:39 AM,treccia choc/cinnamon roll,,Cornetti/Bombolone,FOOD,3.94,1.0,false,false
53,5/18/24 10:39 AM,San Pellegrino Cans Orange - Lemon,,Non-Alcoholic,BEVERAGES,4.50,1.0,false,false
54,5/18/24 10:39 AM,Mokaccino,,Espresso Bar,BEVERAGES,3.75,1.0,false,false
54,5/18/24 10:39 AM,Frittata,,Colazione - Breakfast,FOOD,8.35,1.0,false,false
54,5/18/24 10:39 AM,Frittata,,Colazione - Breakfast,FOOD,8.35,1.0,false,false
54,5/18/24 10:39 AM,VA PENSIERO,,Panini,FOOD,11.13,1.0,false,false
54,5/18/24 10:39 AM,Espresso Quarta,,Espresso Bar,BEVERAGES,3.00,1.0,false,false
54,5/18/24 10:39 AM,Mimosa cocktail,,House Cocktails,BEVERAGES,5.00,1.0,false,false
55,5/18/24 10:42 AM,Cappuccino,,Espresso Bar,BEVERAGES,9.50,2.0,false,false
55,5/18/24 10:42 AM,Saccottino Choc/ Danish,,Cornetti/Bombolone,FOOD,4.17,1.0,false,false
54,5/18/24 10:39 AM,Negroni Sbagliato,,House Cocktails,BEVERAGES,13.00,1.0,false,false
54,5/18/24 10:39 AM,Negroni Sbagliato,,House Cocktails,BEVERAGES,13.00,1.0,false,false
56,5/18/24 10:46 AM,Saccottino Choc/ Danish,,Cornetti/Bombolone,FOOD,4.17,1.0,false,false
56,5/18/24 10:46 AM,Nutella cornetto,,Cornetti/Bombolone,FOOD,6.96,2.0,false,false
56,5/18/24 10:46 AM,Mokaccino Ferrero Rocher,,Espresso Bar,BEVERAGES,5.00,1.0,false,false
56,5/18/24 10:46 AM,Espressino freddo,,Espresso Bar,BEVERAGES,5.00,1.0,false,false
57,5/18/24 10:49 AM,Latte Macchiato,,Espresso Bar,BEVERAGES,10.00,2.0,false,false
57,5/18/24 10:49 AM,Nutella cornetto,,Cornetti/Bombolone,FOOD,3.48,1.0,false,false
57,5/18/24 10:49 AM,Saccottino Choc/ Danish,,Cornetti/Bombolone,FOOD,4.17,1.0,false,false
58,5/18/24 10:52 AM,Cappuccino,,Espresso Bar,BEVERAGES,9.50,2.0,false,false
58,5/18/24 10:52 AM,Saccottino Choc/ Danish,,Cornetti/Bombolone,FOOD,4.17,1.0,false,false
58,5/18/24 10:52 AM,Plain Cornetto,,Cornetti/Bombolone,FOOD,3.02,1.0,false,false
59,5/18/24 10:58 AM,PIZZA MARGHERITA,,Kids,FOOD,8.35,1.0,false,false
61,5/18/24 10:59 AM,Mokaccino,,Espresso Bar,BEVERAGES,3.50,1.0,false,false
60,5/18/24 10:59 AM,Cappuccino Pistacchio,,Espresso Bar,BEVERAGES,5.00,1.0,false,false
60,5/18/24 10:59 AM,Cappuccino,,Espresso Bar,BEVERAGES,4.25,1.0,false,false
60,5/18/24 10:59 AM,Frittata,,Colazione - Breakfast,FOOD,8.35,1.0,false,false
60,5/18/24 10:59 AM,Crostone Avocado,,Colazione - Breakfast,FOOD,8.35,1.0,false,false
60,5/18/24 10:59 AM,Saccottino Choc/ Danish,,Cornetti/Bombolone,FOOD,4.17,1.0,false,false
60,5/18/24 10:59 AM,Piadina Ham & Cheese,,Panini,FOOD,6.96,1.0,false,false
62,5/18/24 10:59 AM,SLICE CAKE,,BAKERY DISPLAY,RETAIL,6.50,1.0,false,false
62,5/18/24 10:59 AM,L'ITALIANO,,Panini,FOOD,9.28,1.0,false,false
62,5/18/24 10:59 AM,Latte Macchiato,,Espresso Bar,BEVERAGES,4.75,1.0,false,false
48,5/18/24 10:12 AM,Sfogliatella napoletana,,Cornetti/Bombolone,FOOD,3.48,1.0,false,false
48,5/18/24 10:12 AM,Sfogliatella napoletana,,Cornetti/Bombolone,FOOD,3.48,1.0,false,false
48,5/18/24 10:12 AM,Sfogliatella napoletana,,Cornetti/Bombolone,FOOD,3.48,1.0,false,false
43,5/18/24 9:56 AM,Sfogliatella napoletana,,Cornetti/Bombolone,FOOD,3.48,1.0,false,false
43,5/18/24 9:56 AM,Sfogliatella napoletana,,Cornetti/Bombolone,FOOD,3.48,1.0,false,false
63,5/18/24 11:00 AM,Cappuccino,,Espresso Bar,BEVERAGES,4.25,1.0,false,false
63,5/18/24 11:00 AM,POSEIDONE,,Salad,FOOD,16.24,1.0,false,false
63,5/18/24 11:00 AM,SOFIA LOREN,,Salad,FOOD,14.85,1.0,false,false
63,5/18/24 11:00 AM,LUCIA,,Salad,FOOD,16.24,1.0,false,false
65,5/18/24 11:08 AM,Americano,,Espresso Bar,BEVERAGES,4.00,1.0,false,false
65,5/18/24 11:08 AM,Americano,,Espresso Bar,BEVERAGES,4.00,1.0,false,false
64,5/18/24 11:04 AM,Cappuccino,,Espresso Bar,BEVERAGES,5.25,1.0,false,false
64,5/18/24 11:04 AM,Espresso doppio macchiato,,Espresso Bar,BEVERAGES,3.75,1.0,false,false
64,5/18/24 11:04 AM,Plain Cornetto,,Cornetti/Bombolone,FOOD,3.02,1.0,false,false
66,5/18/24 11:10 AM,VA PENSIERO,,Panini,FOOD,11.13,1.0,false,false
66,5/18/24 11:10 AM,VA PENSIERO,,Panini,FOOD,11.13,1.0,false,false
66,5/18/24 11:10 AM,AZZURRO,,Panini,FOOD,9.28,1.0,false,false
66,5/18/24 11:10 AM,Americano,,Espresso Bar,BEVERAGES,4.00,1.0,false,false
67,5/18/24 11:12 AM,Cappuccino,,Espresso Bar,BEVERAGES,4.25,1.0,false,false
67,5/18/24 11:12 AM,VOLARE,,Panini,FOOD,11.13,1.0,false,false
67,5/18/24 11:12 AM,VOLARE,,Panini,FOOD,11.13,1.0,false,false
67,5/18/24 11:12 AM,Cappuccino Pistacchio,,Espresso Bar,BEVERAGES,5.00,1.0,false,false
68,5/18/24 11:14 AM,Latte Macchiato,,Espresso Bar,BEVERAGES,4.75,1.0,false,false
68,5/18/24 11:14 AM,Cappuccino,,Espresso Bar,BEVERAGES,4.25,1.0,false,false
68,5/18/24 11:14 AM,Hot Italian Tea,,Espresso Bar,BEVERAGES,2.50,1.0,false,false
68,5/18/24 11:14 AM,Hot Italian Tea,,Espresso Bar,BEVERAGES,2.50,1.0,false,false
68,5/18/24 11:14 AM,Affogato,,Espresso Bar,BEVERAGES,6.50,1.0,false,false
68,5/18/24 11:14 AM,Plain Cornetto,,Cornetti/Bombolone,FOOD,3.02,1.0,false,false
68,5/18/24 11:14 AM,Sfogliatella napoletana,,Cornetti/Bombolone,FOOD,3.48,1.0,false,false
70,5/18/24 11:16 AM,O SOLE MIO,,Panini,FOOD,0.00,1.0,false,false
70,5/18/24 11:16 AM,Cappuccino,,Espresso Bar,BEVERAGES,0.00,1.0,false,false
71,5/18/24 11:21 AM,Cappuccino Pistacchio,,Espresso Bar,BEVERAGES,5.00,1.0,false,false
71,5/18/24 11:21 AM,NAPULÈ,,Panini,FOOD,11.13,1.0,false,false
71,5/18/24 11:21 AM,PIZZA MARGHERITA,,Kids,FOOD,8.35,1.0,false,false
71,5/18/24 11:21 AM,BIANCA,,Kids,FOOD,8.35,1.0,false,false
69,5/18/24 11:16 AM,Sfogliatella napoletana,,Cornetti/Bombolone,FOOD,13.91,4.0,false,false
69,5/18/24 11:16 AM,O SOLE MIO,,Panini,FOOD,22.26,2.0,false,false
69,5/18/24 11:16 AM,Pocket Coffee 5 piece,,MARKET,RETAIL,14.50,1.0,false,false
69,5/18/24 11:16 AM,San Pellegrino glass bottle,,Non-Alcoholic,BEVERAGES,3.75,1.0,false,false
69,5/18/24 11:16 AM,Lavazza Cold Brew Can,,Non-Alcoholic,BEVERAGES,7.50,1.0,false,false
71,5/18/24 11:21 AM,SLICE CAKE,,BAKERY DISPLAY,RETAIL,6.50,1.0,false,false
71,5/18/24 11:21 AM,SLICE CAKE,,BAKERY DISPLAY,RETAIL,6.50,1.0,false,false
73,5/18/24 11:31 AM,Americano,,Espresso Bar,BEVERAGES,4.50,1.0,false,false
73,5/18/24 11:31 AM,Cappuccino Pistacchio,,Espresso Bar,BEVERAGES,5.50,1.0,false,false
75,5/18/24 11:33 AM,Espresso Shakerato,,Espresso Bar,BEVERAGES,3.75,1.0,false,false
75,5/18/24 11:33 AM,Espresso Shakerato,,Espresso Bar,BEVERAGES,3.75,1.0,false,false
75,5/18/24 11:33 AM,Frittata,,Colazione - Breakfast,FOOD,8.35,1.0,false,false
75,5/18/24 11:33 AM,chocolate cornetto,,Cornetti/Bombolone,FOOD,3.48,1.0,true,false
74,5/18/24 11:32 AM,Cappuccino Pistacchio,,Espresso Bar,BEVERAGES,5.00,1.0,false,false
74,5/18/24 11:32 AM,Cappuccino Pistacchio,,Espresso Bar,BEVERAGES,5.00,1.0,false,false
74,5/18/24 11:32 AM,NAPULÈ,,Panini,FOOD,11.13,1.0,false,false
74,5/18/24 11:32 AM,VA PENSIERO,,Panini,FOOD,11.13,1.0,false,false
74,5/18/24 11:32 AM,SINGLE SERVING glass coppa,,BAKERY DISPLAY,RETAIL,8.50,1.0,false,false
77,5/18/24 11:37 AM,Latte Macchiato,,Espresso Bar,BEVERAGES,4.50,1.0,false,false
77,5/18/24 11:37 AM,Mokaccino Ferrero Rocher,,Espresso Bar,BEVERAGES,5.00,1.0,false,false
77,5/18/24 11:37 AM,NAPULÈ,,Panini,FOOD,11.13,1.0,false,false
77,5/18/24 11:37 AM,VOLARE,,Panini,FOOD,11.13,1.0,false,false
63,5/18/24 11:00 AM,Americano,,Espresso Bar,BEVERAGES,4.50,1.0,false,false
76,5/18/24 11:36 AM,Latte Macchiato,,Espresso Bar,BEVERAGES,5.50,1.0,false,false
76,5/18/24 11:36 AM,Latte Macchiato,,Espresso Bar,BEVERAGES,4.25,1.0,false,false
76,5/18/24 11:36 AM,Saccottino Choc/ Danish,,Cornetti/Bombolone,FOOD,4.17,1.0,false,false
76,5/18/24 11:36 AM,Saccottino Choc/ Danish,,Cornetti/Bombolone,FOOD,4.17,1.0,false,false
76,5/18/24 11:36 AM,Plain Cornetto,,Cornetti/Bombolone,FOOD,3.02,1.0,false,false
76,5/18/24 11:36 AM,SINGLE SERVING glass coppa,,BAKERY DISPLAY,RETAIL,8.50,1.0,false,false
76,5/18/24 11:36 AM,Acqua Panna glass bottle,,Non-Alcoholic,BEVERAGES,4.75,1.0,false,false
79,5/18/24 11:43 AM,Latte Macchiato,,Espresso Bar,BEVERAGES,4.75,1.0,false,false
79,5/18/24 11:43 AM,SINGLE SERVING glass coppa,,BAKERY DISPLAY,RETAIL,8.50,1.0,false,false
80,5/18/24 11:44 AM,Tartufo Gelato,,BAKERY DISPLAY,RETAIL,39.00,6.0,false,false
80,5/18/24 11:44 AM,NESSUN DORMA,,Panini,FOOD,11.13,1.0,false,false
63,5/18/24 11:00 AM,RIGOLETTO,,Panini,FOOD,9.28,1.0,false,false
82,5/18/24 11:46 AM,Americano,,Espresso Bar,BEVERAGES,5.00,1.0,false,false
82,5/18/24 11:46 AM,Saccottino Choc/ Danish,,Cornetti/Bombolone,FOOD,4.17,1.0,false,false
70,5/18/24 11:16 AM,San Pellegrino glass bottle,,Non-Alcoholic,BEVERAGES,0.00,1.0,false,false
63,5/18/24 11:00 AM,Cappuccino,,Espresso Bar,BEVERAGES,4.25,1.0,false,false
63,5/18/24 11:00 AM,Cappuccino,,Espresso Bar,BEVERAGES,4.25,1.0,false,false
63,5/18/24 11:00 AM,Cappuccino,,Espresso Bar,BEVERAGES,4.25,1.0,false,false
84,5/18/24 11:48 AM,Latte Macchiato,,Espresso Bar,BEVERAGES,5.00,1.0,false,false
84,5/18/24 11:48 AM,Cappuccino,,Espresso Bar,BEVERAGES,4.75,1.0,false,false
84,5/18/24 11:48 AM,Saccottino Choc/ Danish,,Cornetti/Bombolone,FOOD,4.17,1.0,false,false
84,5/18/24 11:48 AM,Plain Cornetto,,Cornetti/Bombolone,FOOD,3.02,1.0,false,false
85,5/18/24 11:51 AM,Piadina Ham & Cheese,,Panini,FOOD,13.91,2.0,false,false
78,5/18/24 11:42 AM,BOLOGNESE,,Pasta,FOOD,18.55,1.0,false,false
78,5/18/24 11:42 AM,Piadina Ham & Cheese,,Panini,FOOD,6.96,1.0,false,false
78,5/18/24 11:42 AM,NESSUN DORMA,,Panini,FOOD,11.13,1.0,false,false
78,5/18/24 11:42 AM,NAPULÈ,,Panini,FOOD,11.13,1.0,false,false
78,5/18/24 11:42 AM,Roasted Potatoes,,Panini,FOOD,4.17,1.0,false,false
88,5/18/24 11:55 AM,Latte Macchiato,,Espresso Bar,BEVERAGES,4.75,1.0,false,false
88,5/18/24 11:55 AM,AZZURRO,,Panini,FOOD,9.28,1.0,false,false
88,5/18/24 11:55 AM,NAPULÈ,,Panini,FOOD,11.13,1.0,false,false
66,5/18/24 11:10 AM,Latte Macchiato,,Espresso Bar,BEVERAGES,4.50,1.0,false,false
86,5/18/24 11:53 AM,Piadina Crudo,,Panini,FOOD,8.35,1.0,false,false
86,5/18/24 11:53 AM,NAPULÈ,,Panini,FOOD,11.13,1.0,false,false
86,5/18/24 11:53 AM,VA PENSIERO,,Panini,FOOD,11.13,1.0,false,false
86,5/18/24 11:53 AM,SOFIA LOREN,,Salad,FOOD,14.85,1.0,false,false
86,5/18/24 11:53 AM,SICILIANA,,Pasta,FOOD,16.70,1.0,false,false
89,5/18/24 12:02 PM,NESSUN DORMA,,Panini,FOOD,11.13,1.0,false,false
89,5/18/24 12:02 PM,NESSUN DORMA,,Panini,FOOD,11.13,1.0,false,false
89,5/18/24 12:02 PM,BIANCA,,Kids,FOOD,16.70,2.0,false,false
89,5/18/24 12:02 PM,Iced Tea,,Non-Alcoholic,BEVERAGES,3.50,1.0,false,false
90,5/18/24 12:03 PM,Lavazza Cold Brew Can,,Non-Alcoholic,BEVERAGES,7.50,1.0,false,false
91,5/18/24 12:05 PM,treccia choc/cinnamon roll,,Cornetti/Bombolone,FOOD,3.94,1.0,false,false
91,5/18/24 12:05 PM,Saccottino Choc/ Danish,,Cornetti/Bombolone,FOOD,8.35,2.0,false,false
91,5/18/24 12:05 PM,Americano,,Espresso Bar,BEVERAGES,4.00,1.0,false,false
78,5/18/24 11:42 AM,Side Focaccia + Butter,,,,6.00,2.0,false,false
92,5/18/24 12:17 PM,Gift Card,,,,30.00,1.0,false,true
92,5/18/24 12:17 PM,Saccottino Choc/ Danish,,Cornetti/Bombolone,FOOD,4.17,1.0,false,false
92,5/18/24 12:17 PM,Nutella cookie big bag,,MARKET,RETAIL,11.50,1.0,false,false
92,5/18/24 12:17 PM,traditional biscotto mix,,BAKERY DISPLAY,RETAIL,5.00,1.0,false,false
78,5/18/24 11:42 AM,Cappuccino,,Espresso Bar,BEVERAGES,4.25,1.0,false,false
78,5/18/24 11:42 AM,Mokaccino Ferrero Rocher,,Espresso Bar,BEVERAGES,5.00,1.0,false,false
93,5/18/24 12:25 PM,Espresso Salentino Shakerato,,Espresso Bar,BEVERAGES,7.80,2.0,false,false
93,5/18/24 12:25 PM,L'ITALIANO,,Panini,FOOD,9.28,1.0,false,false
93,5/18/24 12:25 PM,VA PENSIERO,,Panini,FOOD,11.13,1.0,false,false
94,5/18/24 12:27 PM,Nocciolino Affogato,,Espresso Bar,BEVERAGES,6.50,1.0,false,false
97,5/18/24 12:29 PM,Iced Tea,,Non-Alcoholic,BEVERAGES,3.50,1.0,false,false
97,5/18/24 12:29 PM,Iced Tea,,Non-Alcoholic,BEVERAGES,3.50,1.0,false,false
97,5/18/24 12:29 PM,Coke -draft,,Non-Alcoholic,BEVERAGES,2.50,1.0,false,false
97,5/18/24 12:29 PM,NAPULÈ,,Panini,FOOD,11.13,1.0,false,false
97,5/18/24 12:29 PM,NAPULÈ,,Panini,FOOD,11.13,1.0,false,false
97,5/18/24 12:29 PM,VOLARE,,Panini,FOOD,11.13,1.0,false,false
99,5/18/24 12:30 PM,NAPULÈ,,Panini,FOOD,11.13,1.0,false,false
99,5/18/24 12:30 PM,Piadina Ham & Cheese,,Panini,FOOD,6.96,1.0,false,false
98,5/18/24 12:30 PM,Cappuccino,,Espresso Bar,BEVERAGES,2.54,1.0,false,false
98,5/18/24 12:30 PM,Latte Macchiato,,Espresso Bar,BEVERAGES,3.21,1.0,false,false
101,5/18/24 12:34 PM,Latte Macchiato,,Espresso Bar,BEVERAGES,5.50,1.0,false,false
101,5/18/24 12:34 PM,Aperol Spritz,,House Cocktails,BEVERAGES,13.50,1.0,false,false
101,5/18/24 12:34 PM,Aperol Spritz,,House Cocktails,BEVERAGES,13.50,1.0,false,false
101,5/18/24 12:34 PM,NAPULÈ,,Panini,FOOD,11.13,1.0,false,false
101,5/18/24 12:34 PM,NAPULÈ,,Panini,FOOD,11.13,1.0,false,false
100,5/18/24 12:33 PM,RIGOLETTO,,Panini,FOOD,9.28,1.0,false,false
100,5/18/24 12:33 PM,Latte Macchiato,,Espresso Bar,BEVERAGES,5.00,1.0,false,false
100,5/18/24 12:33 PM,Espressino freddo,,Espresso Bar,BEVERAGES,5.00,1.0,false,false
100,5/18/24 12:33 PM,VOLARE,,Panini,FOOD,11.13,1.0,false,false
88,5/18/24 11:55 AM,Nutella cornetto,,Cornetti/Bombolone,FOOD,3.48,1.0,false,false
89,5/18/24 12:02 PM,SINGLE SERVING glass coppa,,BAKERY DISPLAY,RETAIL,17.00,2.0,false,false
102,5/18/24 12:38 PM,Espresso Shakerato,,Espresso Bar,BEVERAGES,3.75,1.0,false,false
78,5/18/24 11:42 AM,ECLAIR/ROLL,,BAKERY DISPLAY,RETAIL,5.50,1.0,true,false
78,5/18/24 11:42 AM,SLICE CAKE,,BAKERY DISPLAY,RETAIL,6.50,1.0,false,false
78,5/18/24 11:42 AM,SLICE CAKE,,BAKERY DISPLAY,RETAIL,6.50,1.0,false,false
78,5/18/24 11:42 AM,SINGLE SERVING glass coppa,,BAKERY DISPLAY,RETAIL,8.50,1.0,false,false
103,5/18/24 12:40 PM,Saccottino Choc/ Danish,,Cornetti/Bombolone,FOOD,4.17,1.0,false,false
103,5/18/24 12:40 PM,Saccottino Choc/ Danish,,Cornetti/Bombolone,FOOD,4.17,1.0,false,false
103,5/18/24 12:40 PM,Plain Cornetto,,Cornetti/Bombolone,FOOD,3.02,1.0,false,false
103,5/18/24 12:40 PM,ECLAIR/ROLL,,BAKERY DISPLAY,RETAIL,5.50,1.0,false,false
104,5/18/24 12:43 PM,LUCIA,,Salad,FOOD,16.24,1.0,false,false
104,5/18/24 12:43 PM,NESSUN DORMA,,Panini,FOOD,11.13,1.0,false,false
99,5/18/24 12:30 PM,Aperol Spritz,,House Cocktails,BEVERAGES,13.50,1.0,false,false
105,5/18/24 12:45 PM,Americano,,Espresso Bar,BEVERAGES,4.50,1.0,false,false
78,5/18/24 11:42 AM,Single serving desserts,,BAKERY DISPLAY,RETAIL,6.50,1.0,false,false
106,5/18/24 12:56 PM,NAPULÈ,,Panini,FOOD,11.13,1.0,false,false
106,5/18/24 12:56 PM,LUCIA,,Salad,FOOD,16.24,1.0,false,false
106,5/18/24 12:56 PM,Aperol Spritz,,House Cocktails,BEVERAGES,13.50,1.0,false,false
106,5/18/24 12:56 PM,Aperol Spritz,,House Cocktails,BEVERAGES,13.50,1.0,false,false
93,5/18/24 12:25 PM,Latte Macchiato,,Espresso Bar,BEVERAGES,5.00,1.0,false,false
108,5/18/24 12:58 PM,SOFIA LOREN,,Salad,FOOD,14.85,1.0,false,false
108,5/18/24 12:58 PM,ROSSA,,Kids,FOOD,8.35,1.0,false,false
108,5/18/24 12:58 PM,Cappuccino,,Espresso Bar,BEVERAGES,4.75,1.0,false,false
108,5/18/24 12:58 PM,Nazionale - Baladin,,Beer,BEVERAGES,8.50,1.0,false,false
108,5/18/24 12:58 PM,Fanta bottle,,Non-Alcoholic,BEVERAGES,4.50,1.0,true,false
108,5/18/24 12:58 PM,Baladin Cedrata,,Non-Alcoholic,BEVERAGES,6.60,2.0,false,false
108,5/18/24 12:58 PM,Piadina Crudo Mozzarella Rucola,,,,0.00,1.0,false,false
108,5/18/24 12:58 PM,Piadina Pomodoro Mozzarrlla,,,,0.00,1.0,false,false
109,5/18/24 1:01 PM,Chianti Classico - Isole e Olena,,RETAIL WINE,RETAIL,35.00,1.0,false,false
110,5/18/24 1:02 PM,Crostone Avocado,,Colazione - Breakfast,FOOD,10.20,1.0,false,false
110,5/18/24 1:02 PM,L'ITALIANO,,Panini,FOOD,9.28,1.0,false,false
110,5/18/24 1:02 PM,Cappuccino,,Espresso Bar,BEVERAGES,4.25,1.0,false,false
99,5/18/24 12:30 PM,Mokaccino Ferrero Rocher,,Espresso Bar,BEVERAGES,5.00,1.0,false,false
99,5/18/24 12:30 PM,Plain Cornetto,,Cornetti/Bombolone,FOOD,3.02,1.0,false,false
99,5/18/24 12:30 PM,Plain Cornetto,,Cornetti/Bombolone,FOOD,3.02,1.0,false,false
97,5/18/24 12:29 PM,TIRAMISU,,BAKERY DISPLAY,RETAIL,13.00,2.0,false,false
97,5/18/24 12:29 PM,ECLAIR/ROLL,,BAKERY DISPLAY,RETAIL,5.50,1.0,false,false
97,5/18/24 12:29 PM,SLICE CAKE,,BAKERY DISPLAY,RETAIL,6.50,1.0,false,false
112,5/18/24 1:12 PM,VA PENSIERO,,Panini,FOOD,11.13,1.0,false,false
112,5/18/24 1:12 PM,ZUPPA AL POMODORO,,Soup,FOOD,9.74,1.0,false,false
112,5/18/24 1:12 PM,Small Panna/San Pellegrino,,Non-Alcoholic,BEVERAGES,2.50,1.0,false,false
102,5/18/24 12:38 PM,AL PACINO,,Salad,FOOD,13.91,1.0,false,false
101,5/18/24 12:34 PM,Aperol Spritz,,House Cocktails,BEVERAGES,13.50,1.0,false,false
101,5/18/24 12:34 PM,Aperol Spritz,,House Cocktails,BEVERAGES,13.50,1.0,false,false
102,5/18/24 12:38 PM,Latte Macchiato,,Espresso Bar,BEVERAGES,5.00,1.0,false,false
113,5/18/24 1:17 PM,Latte Macchiato,,Espresso Bar,BEVERAGES,5.50,1.0,false,false
114,5/18/24 1:19 PM,RIGOLETTO,,Panini,FOOD,9.28,1.0,false,false
108,5/18/24 12:58 PM,Sprite -draft,,Non-Alcoholic,BEVERAGES,2.50,1.0,false,false
115,5/18/24 1:21 PM,SINGLE SERVING glass coppa,,BAKERY DISPLAY,RETAIL,17.00,2.0,false,false
116,5/18/24 1:25 PM,Americano,,Espresso Bar,BEVERAGES,4.00,1.0,false,false
116,5/18/24 1:25 PM,NAPULÈ,,Panini,FOOD,11.13,1.0,false,false
116,5/18/24 1:25 PM,Roasted Potatoes,,Panini,FOOD,4.17,1.0,false,false
117,5/18/24 1:30 PM,Aperol Spritz,,House Cocktails,BEVERAGES,13.50,1.0,false,false
117,5/18/24 1:30 PM,Aperol Spritz,,House Cocktails,BEVERAGES,13.50,1.0,false,false
117,5/18/24 1:30 PM,VA PENSIERO,,Panini,FOOD,11.13,1.0,false,false
117,5/18/24 1:30 PM,VA PENSIERO,,Panini,FOOD,11.13,1.0,false,false
117,5/18/24 1:30 PM,Roasted Potatoes,,Panini,FOOD,4.17,1.0,false,false
117,5/18/24 1:30 PM,Roasted Potatoes,,Panini,FOOD,4.17,1.0,false,false
106,5/18/24 12:56 PM,Latte Macchiato,,Espresso Bar,BEVERAGES,5.00,1.0,false,false
119,5/18/24 1:47 PM,O SOLE MIO,,Panini,FOOD,11.13,1.0,false,false
121,5/18/24 1:51 PM,NAPULÈ,,Panini,FOOD,11.13,1.0,false,false
121,5/18/24 1:51 PM,Roasted Potatoes,,Panini,FOOD,4.17,1.0,false,false
122,5/18/24 1:52 PM,Glass Rosato di Ampeleia - Ampeleia,,Wine - Glasses,BEVERAGES,13.50,1.0,false,false
122,5/18/24 1:52 PM,Glass Rosato di Ampeleia - Ampeleia,,Wine - Glasses,BEVERAGES,13.50,1.0,false,false
122,5/18/24 1:52 PM,VA PENSIERO,,Panini,FOOD,11.13,1.0,false,false
122,5/18/24 1:52 PM,NAPULÈ,,Panini,FOOD,11.13,1.0,false,false
120,5/18/24 1:50 PM,ECLAIR/ROLL,,BAKERY DISPLAY,RETAIL,5.50,1.0,false,false
120,5/18/24 1:50 PM,TIRAMISU,,BAKERY DISPLAY,RETAIL,6.50,1.0,false,false
120,5/18/24 1:50 PM,Espresso Quarta,,Espresso Bar,BEVERAGES,6.00,2.0,false,false
123,5/18/24 1:56 PM,Limoncello Spritz,,House Cocktails,BEVERAGES,13.50,1.0,false,false
123,5/18/24 1:56 PM,Aperol Spritz,,House Cocktails,BEVERAGES,13.50,1.0,false,false
123,5/18/24 1:56 PM,GENOVESE,,Pasta,FOOD,17.63,1.0,false,false
123,5/18/24 1:56 PM,POSEIDONE,,Salad,FOOD,16.24,1.0,false,false
123,5/18/24 1:56 PM,NAPULÈ,,Panini,FOOD,11.13,1.0,false,false
123,5/18/24 1:56 PM,San Pellegrino glass bottle,,Non-Alcoholic,BEVERAGES,3.75,1.0,false,false
122,5/18/24 1:52 PM,San Pellegrino glass bottle,,Non-Alcoholic,BEVERAGES,3.75,1.0,false,false
119,5/18/24 1:47 PM,Diet Coke -draft,,Non-Alcoholic,BEVERAGES,2.50,1.0,false,false
119,5/18/24 1:47 PM,Diet Coke -draft,,Non-Alcoholic,BEVERAGES,2.50,1.0,false,false
108,5/18/24 12:58 PM,Nutella cookie big bag,,MARKET,RETAIL,23.00,2.0,true,false
108,5/18/24 12:58 PM,Mulino Bianco,,MARKET,RETAIL,19.50,3.0,false,false
108,5/18/24 12:58 PM,Nutella Biscuits tube,,MARKET,RETAIL,17.00,2.0,false,false
122,5/18/24 1:52 PM,San Pellegrino glass bottle,,Non-Alcoholic,BEVERAGES,3.75,1.0,false,false
122,5/18/24 1:52 PM,Glass Chardonnay - Maccan,,Wine - Glasses,BEVERAGES,12.00,1.0,false,false
122,5/18/24 1:52 PM,Glass Rosato di Ampeleia - Ampeleia,,Wine - Glasses,BEVERAGES,13.50,1.0,false,false
121,5/18/24 1:51 PM,Espresso Macchiato,,Espresso Bar,BEVERAGES,3.25,1.0,false,false
121,5/18/24 1:51 PM,SLICE CAKE,,BAKERY DISPLAY,RETAIL,6.50,1.0,false,false
125,5/18/24 2:20 PM,Cabernet Franc - Tenuta Maccan,,RETAIL WINE,RETAIL,20.00,1.0,false,false
125,5/18/24 2:20 PM,SLICE CAKE,,BAKERY DISPLAY,RETAIL,6.50,1.0,false,false
125,5/18/24 2:20 PM,SLICE CAKE,,BAKERY DISPLAY,RETAIL,6.50,1.0,false,false
126,5/18/24 2:21 PM,Negroni,,House Cocktails,BEVERAGES,13.00,1.0,false,false
126,5/18/24 2:21 PM,Negroni,,House Cocktails,BEVERAGES,13.00,1.0,false,false
126,5/18/24 2:21 PM,Affogato,,Espresso Bar,BEVERAGES,6.50,1.0,false,false
126,5/18/24 2:21 PM,Single serving desserts,,BAKERY DISPLAY,RETAIL,6.50,1.0,false,false
126,5/18/24 2:21 PM,Negroni,,House Cocktails,BEVERAGES,13.00,1.0,false,false
116,5/18/24 1:25 PM,Espresso Quarta,,Espresso Bar,BEVERAGES,3.00,1.0,false,false
123,5/18/24 1:56 PM,Peroni - Draft,,Beer,BEVERAGES,7.00,1.0,false,false
127,5/18/24 2:27 PM,TIRAMISU,,BAKERY DISPLAY,RETAIL,19.50,3.0,false,false
127,5/18/24 2:27 PM,Saccottino Choc/ Danish,,Cornetti/Bombolone,FOOD,4.17,1.0,false,false
127,5/18/24 2:27 PM,Saccottino Choc/ Danish,,Cornetti/Bombolone,FOOD,4.17,1.0,false,false
122,5/18/24 1:52 PM,Espresso doppio-double espresso,,Espresso Bar,BEVERAGES,3.50,1.0,false,false
128,5/18/24 2:32 PM,Latte Macchiato,,Espresso Bar,BEVERAGES,5.00,1.0,false,false
123,5/18/24 1:56 PM,Glass Gavi - Le Rive,,Wine - Glasses,BEVERAGES,10.00,1.0,false,false
129,5/18/24 2:35 PM,NESSUN DORMA,,Panini,FOOD,3.43,1.0,false,false
130,5/18/24 2:39 PM,Americano,,Espresso Bar,BEVERAGES,4.50,1.0,false,false
123,5/18/24 1:56 PM,Espresso doppio macchiato,,Espresso Bar,BEVERAGES,3.75,1.0,false,false
123,5/18/24 1:56 PM,Espresso doppio-double espresso,,Espresso Bar,BEVERAGES,3.50,1.0,false,false
123,5/18/24 1:56 PM,Bomba gelato,,BAKERY DISPLAY,RETAIL,7.50,1.0,false,false
131,5/18/24 2:49 PM,Americano,,Espresso Bar,BEVERAGES,4.00,1.0,false,false
131,5/18/24 2:49 PM,Single Cookie,,,,1.20,3.0,false,false
132,5/18/24 2:52 PM,Latte Macchiato,,Espresso Bar,BEVERAGES,5.00,1.0,false,false
132,5/18/24 2:52 PM,Latte Macchiato,,Espresso Bar,BEVERAGES,4.50,1.0,false,false
132,5/18/24 2:52 PM,Latte Macchiato,,Espresso Bar,BEVERAGES,4.50,1.0,false,false
133,5/18/24 2:59 PM,Latte Macchiato,,Espresso Bar,BEVERAGES,0.00,1.0,false,false
133,5/18/24 2:59 PM,Espresso doppio-double espresso,,Espresso Bar,BEVERAGES,0.00,1.0,false,false
134,5/18/24 3:00 PM,Cappuccino,,Espresso Bar,BEVERAGES,4.75,1.0,false,false
134,5/18/24 3:00 PM,Cappuccino,,Espresso Bar,BEVERAGES,4.25,1.0,false,false
134,5/18/24 3:00 PM,traditional biscotto mix,,BAKERY DISPLAY,RETAIL,5.00,1.0,false,false
136,5/18/24 3:07 PM,O SOLE MIO,,Panini,FOOD,11.13,1.0,false,false
136,5/18/24 3:07 PM,NESSUN DORMA,,Panini,FOOD,11.13,1.0,false,false
137,5/18/24 3:11 PM,AZZURRO,,Panini,FOOD,9.28,1.0,false,false
137,5/18/24 3:11 PM,NESSUN DORMA,,Panini,FOOD,11.13,1.0,false,false
137,5/18/24 3:11 PM,Roasted Potatoes,,Panini,FOOD,4.17,1.0,true,false
138,5/18/24 3:13 PM,Latte Macchiato,,Espresso Bar,BEVERAGES,5.25,1.0,false,false
139,5/18/24 3:15 PM,Single serving desserts,,BAKERY DISPLAY,RETAIL,13.00,2.0,false,false
140,5/18/24 3:16 PM,Saccottino Choc/ Danish,,Cornetti/Bombolone,FOOD,4.17,1.0,false,false
141,5/18/24 3:21 PM,Latte Macchiato,,Espresso Bar,BEVERAGES,4.75,1.0,false,false
141,5/18/24 3:21 PM,Latte Macchiato,,Espresso Bar,BEVERAGES,5.75,1.0,false,false
143,5/18/24 3:26 PM,Latte Macchiato,,Espresso Bar,BEVERAGES,4.25,1.0,false,false
143,5/18/24 3:26 PM,Choc Salami/Caprese mono,,BAKERY DISPLAY,RETAIL,3.50,1.0,false,false
144,5/18/24 3:36 PM,Nocciolino Affogato,,Espresso Bar,BEVERAGES,6.50,1.0,false,false
144,5/18/24 3:36 PM,Nocciolino Affogato,,Espresso Bar,BEVERAGES,6.50,1.0,false,false
144,5/18/24 3:36 PM,Nocciolino Affogato,,Espresso Bar,BEVERAGES,6.50,1.0,false,false
144,5/18/24 3:36 PM,Cappuccino,,Espresso Bar,BEVERAGES,4.25,1.0,false,false
144,5/18/24 3:36 PM,TIRAMISU,,BAKERY DISPLAY,RETAIL,6.50,1.0,false,false
145,5/18/24 3:53 PM,Espresso Quarta,,Espresso Bar,BEVERAGES,3.00,1.0,false,false
147,5/18/24 4:05 PM,Saccottino Choc/ Danish,,Cornetti/Bombolone,FOOD,4.17,1.0,false,false
147,5/18/24 4:05 PM,Saccottino Choc/ Danish,,Cornetti/Bombolone,FOOD,4.17,1.0,false,false
147,5/18/24 4:05 PM,Cappuccino,,Espresso Bar,BEVERAGES,4.25,1.0,false,false
147,5/18/24 4:05 PM,Mokaccino,,Espresso Bar,BEVERAGES,4.00,1.0,false,false
147,5/18/24 4:05 PM,Mokaccino,,Espresso Bar,BEVERAGES,4.00,1.0,false,false
146,5/18/24 3:53 PM,Latte Macchiato,,Espresso Bar,BEVERAGES,4.75,1.0,false,false
146,5/18/24 3:53 PM,Quarta Sereno Decaf,,MARKET,RETAIL,16.00,1.0,false,false
148,5/18/24 4:09 PM,Baladin Agrumata,,Non-Alcoholic,BEVERAGES,3.30,1.0,false,false
148,5/18/24 4:09 PM,ECLAIR/ROLL,,BAKERY DISPLAY,RETAIL,5.50,1.0,false,false
149,5/18/24 4:14 PM,Espresso doppio-double espresso,,Espresso Bar,BEVERAGES,3.50,1.0,false,false
149,5/18/24 4:14 PM,Espresso Quarta,,Espresso Bar,BEVERAGES,3.00,1.0,false,false
149,5/18/24 4:14 PM,Quarta Caffe Classico Macinato,,MARKET,RETAIL,10.00,1.0,false,false
151,5/18/24 4:18 PM,Santal Fruit Juice,,Non-Alcoholic,BEVERAGES,2.95,1.0,false,false
151,5/18/24 4:18 PM,Bulleit Bourbon,,Bourbon,BEVERAGES,10.00,1.0,false,false
151,5/18/24 4:18 PM,VA PENSIERO,,Panini,FOOD,11.13,1.0,false,false
151,5/18/24 4:18 PM,Roasted Potatoes,,Panini,FOOD,4.17,1.0,false,false
152,5/18/24 4:20 PM,Latte Macchiato,,Espresso Bar,BEVERAGES,5.00,1.0,false,false
153,5/18/24 4:25 PM,Latte Macchiato,,Espresso Bar,BEVERAGES,5.00,1.0,false,false
153,5/18/24 4:25 PM,Acqua Panna glass bottle,,Non-Alcoholic,BEVERAGES,4.75,1.0,false,false
153,5/18/24 4:25 PM,Espresso doppio macchiato,,Espresso Bar,BEVERAGES,3.75,1.0,false,false
155,5/18/24 4:32 PM,Latte Macchiato,,Espresso Bar,BEVERAGES,5.00,1.0,false,false
155,5/18/24 4:32 PM,SINGLE SERVING glass coppa,,BAKERY DISPLAY,RETAIL,8.50,1.0,false,false
158,5/18/24 4:46 PM,Espresso Martini,,House Cocktails,BEVERAGES,14.00,1.0,false,false
158,5/18/24 4:46 PM,Espresso Martini,,House Cocktails,BEVERAGES,14.00,1.0,false,false
159,5/18/24 4:46 PM,Kinder Duplo - Kinder Delice,,MARKET,RETAIL,2.50,1.0,false,false
160,5/18/24 4:52 PM,Glass Prosecco Brut - Castel Nuovo del Garda,,Wine - Glasses,BEVERAGES,12.00,1.0,false,false
160,5/18/24 4:52 PM,San Pellegrino glass bottle,,Non-Alcoholic,BEVERAGES,3.75,1.0,false,false
161,5/18/24 4:56 PM,VA PENSIERO,,Panini,FOOD,11.13,1.0,false,false
161,5/18/24 4:56 PM,BOLOGNESE,,Pasta,FOOD,18.55,1.0,false,false
162,5/18/24 4:57 PM,Baladin Spuma Nera,,Non-Alcoholic,BEVERAGES,3.30,1.0,false,false
162,5/18/24 4:57 PM,Peroni - Draft,,Beer,BEVERAGES,7.00,1.0,false,false
163,5/18/24 5:00 PM,TIROLESE,,Pasta,FOOD,19.48,1.0,true,false
147,5/18/24 4:05 PM,ALBERTO SORDI,,Salad,FOOD,14.85,1.0,false,false
147,5/18/24 4:05 PM,LUCIA,,Salad,FOOD,16.24,1.0,false,false
147,5/18/24 4:05 PM,VELLUTATA,,Soup,FOOD,7.42,1.0,false,false
147,5/18/24 4:05 PM,LASAGNA,,Pasta,FOOD,18.55,1.0,false,false
147,5/18/24 4:05 PM,ALBERTO SORDI,,Salad,FOOD,14.85,1.0,true,false
147,5/18/24 4:05 PM,LUCIA,,Salad,FOOD,16.24,1.0,true,false
147,5/18/24 4:05 PM,VELLUTATA,,Soup,FOOD,14.85,1.0,true,false
147,5/18/24 4:05 PM,LASAGNA,,Pasta,FOOD,18.55,1.0,true,false
160,5/18/24 4:52 PM,LUCIA,,Salad,FOOD,16.24,1.0,false,false
160,5/18/24 4:52 PM,PUGLIESE,,Pasta,FOOD,20.41,1.0,false,false
160,5/18/24 4:52 PM,TIROLESE,,Pasta,FOOD,19.48,1.0,false,false
147,5/18/24 4:05 PM,Glass Chardonnay - Maccan,,Wine - Glasses,BEVERAGES,12.00,1.0,false,false
147,5/18/24 4:05 PM,Glass Chardonnay - Maccan,,Wine - Glasses,BEVERAGES,12.00,1.0,false,false
158,5/18/24 4:46 PM,CAPRESE VV,,Salad,FOOD,18.55,1.0,false,false
158,5/18/24 4:46 PM,BOLOGNESE,,Pasta,FOOD,18.55,1.0,false,false
158,5/18/24 4:46 PM,LASAGNA,,Pasta,FOOD,18.55,1.0,false,false
164,5/18/24 5:11 PM,Cappuccino,,Espresso Bar,BEVERAGES,5.25,1.0,false,false
164,5/18/24 5:11 PM,Nutella B-Ready - x6 box,,MARKET,RETAIL,8.50,1.0,false,false
164,5/18/24 5:11 PM,Nutella Biscuits small pack,,MARKET,RETAIL,7.00,2.0,false,false
164,5/18/24 5:11 PM,Macaron,,BAKERY DISPLAY,RETAIL,3.20,1.0,false,false
162,5/18/24 4:57 PM,Diet Coke -draft,,Non-Alcoholic,BEVERAGES,2.50,1.0,false,false
162,5/18/24 4:57 PM,Diet Coke -draft,,Non-Alcoholic,BEVERAGES,2.50,1.0,false,false
162,5/18/24 4:57 PM,Glass Primitivo Li Veli,,Wine - Glasses,BEVERAGES,13.00,1.0,false,false
162,5/18/24 4:57 PM,Coke bottle,,Non-Alcoholic,BEVERAGES,4.50,1.0,false,false
165,5/18/24 5:13 PM,Espresso Salentino Shakerato,,Espresso Bar,BEVERAGES,3.90,1.0,false,false
165,5/18/24 5:13 PM,TIRAMISU,,BAKERY DISPLAY,RETAIL,6.50,1.0,false,false
165,5/18/24 5:13 PM,O SOLE MIO,,Panini,FOOD,11.13,1.0,false,false
166,5/18/24 5:21 PM,Aperol Spritz,,House Cocktails,BEVERAGES,13.50,1.0,false,false
167,5/18/24 5:29 PM,TIRAMISU,,BAKERY DISPLAY,RETAIL,6.50,1.0,false,false
158,5/18/24 4:46 PM,Negroni,,House Cocktails,BEVERAGES,13.00,1.0,false,false
162,5/18/24 4:57 PM,LUCIA,,Salad,FOOD,16.24,1.0,false,false
162,5/18/24 4:57 PM,BOLOGNESE,,Pasta,FOOD,18.55,1.0,false,false
162,5/18/24 4:57 PM,NESSUN DORMA,,Panini,FOOD,11.13,1.0,false,false
162,5/18/24 4:57 PM,Roasted Potatoes,,Panini,FOOD,4.17,1.0,false,false
162,5/18/24 4:57 PM,TUSCAN RIBOLLITA,,Soup,FOOD,18.55,1.0,false,false
162,5/18/24 4:57 PM,NESSUN DORMA,,Panini,FOOD,11.13,1.0,false,false
162,5/18/24 4:57 PM,Roasted Potatoes,,Panini,FOOD,4.17,1.0,false,false
162,5/18/24 4:57 PM,Fritto Misto,,Antipasti,FOOD,11.13,1.0,false,false
162,5/18/24 4:57 PM,LASAGNA,,Pasta,FOOD,18.55,1.0,false,false
162,5/18/24 4:57 PM,LUCIA,,Salad,FOOD,16.24,1.0,false,false
162,5/18/24 4:57 PM,LASAGNA,,Pasta,FOOD,18.55,1.0,false,false
170,5/18/24 5:37 PM,Hot Italian Tea,,Espresso Bar,BEVERAGES,2.50,1.0,false,false
170,5/18/24 5:37 PM,SINGLE SERVING glass coppa,,BAKERY DISPLAY,RETAIL,8.50,1.0,false,false
170,5/18/24 5:37 PM,Latte Macchiato,,Espresso Bar,BEVERAGES,4.50,1.0,false,false
169,5/18/24 5:36 PM,Campari And Soda,,,,7.00,1.0,false,false
169,5/18/24 5:36 PM,Sprite -draft,,Non-Alcoholic,BEVERAGES,2.50,1.0,false,false
169,5/18/24 5:36 PM,Aperol Spritz,,House Cocktails,BEVERAGES,13.50,1.0,false,false
171,5/18/24 5:39 PM,Bellucci,,House Cocktails,BEVERAGES,14.00,1.0,false,false
171,5/18/24 5:39 PM,Limoncello Spritz,,House Cocktails,BEVERAGES,13.50,1.0,false,false
171,5/18/24 5:39 PM,GENOVESE,,Pasta,FOOD,21.33,1.0,false,false
171,5/18/24 5:39 PM,GENOVESE,,Pasta,FOOD,21.33,1.0,false,false
172,5/18/24 5:45 PM,Peroni Zero - Bottle,,Beer,BEVERAGES,4.50,1.0,false,false
172,5/18/24 5:45 PM,Glass Pinot Grigio - Mirabello,,Wine - Glasses,BEVERAGES,11.00,1.0,false,false
172,5/18/24 5:45 PM,Aperol Spritz,,House Cocktails,BEVERAGES,13.50,1.0,false,false
172,5/18/24 5:45 PM,CAPRESE VV,,Salad,FOOD,18.55,1.0,false,false
172,5/18/24 5:45 PM,MINA,,Salad,FOOD,16.24,1.0,false,false
172,5/18/24 5:45 PM,SICILIANA,,Pasta,FOOD,16.70,1.0,false,false
172,5/18/24 5:45 PM,NAPULÈ,,Panini,FOOD,11.13,1.0,false,false
172,5/18/24 5:45 PM,PUGLIESE,,Pasta,FOOD,20.41,1.0,false,false
160,5/18/24 4:52 PM,SLICE CAKE,,BAKERY DISPLAY,RETAIL,6.50,1.0,false,false
173,5/18/24 5:49 PM,Limoncello Spritz,,House Cocktails,BEVERAGES,13.50,1.0,false,false
173,5/18/24 5:49 PM,SLICE CAKE,,BAKERY DISPLAY,RETAIL,6.50,1.0,false,false
173,5/18/24 5:49 PM,Latte Macchiato,,Espresso Bar,BEVERAGES,4.50,1.0,false,false
174,5/18/24 5:49 PM,Espresso doppio-double espresso,,Espresso Bar,BEVERAGES,3.50,1.0,false,false
169,5/18/24 5:36 PM,PUGLIESE,,Pasta,FOOD,20.41,1.0,false,false
169,5/18/24 5:36 PM,BOLOGNESE,,Pasta,FOOD,18.55,1.0,false,false
169,5/18/24 5:36 PM,BIANCA,,Kids,FOOD,8.35,1.0,false,false
178,5/18/24 5:55 PM,SOFIA LOREN,,Salad,FOOD,14.85,1.0,false,false
178,5/18/24 5:55 PM,NESSUN DORMA,,Panini,FOOD,11.13,1.0,false,false
175,5/18/24 5:50 PM,Espresso doppio-double espresso,,Espresso Bar,BEVERAGES,3.50,1.0,false,false
162,5/18/24 4:57 PM,Glass Primitivo Li Veli,,Wine - Glasses,BEVERAGES,13.00,1.0,false,false
158,5/18/24 4:46 PM,TIRAMISU,,BAKERY DISPLAY,RETAIL,13.00,2.0,false,false
169,5/18/24 5:36 PM,Aperol Spritz,,House Cocktails,BEVERAGES,13.50,1.0,false,false
180,5/18/24 6:06 PM,Glass Barbera D'Asti - Le Orme,,Wine - Glasses,BEVERAGES,11.00,1.0,false,false
180,5/18/24 6:06 PM,Nazionale - Baladin,,Beer,BEVERAGES,8.50,1.0,false,false
169,5/18/24 5:36 PM,Glass Barbera D'Asti - Le Orme,,Wine - Glasses,BEVERAGES,11.00,1.0,false,false
180,5/18/24 6:06 PM,Mokaccino Ferrero Rocher,,Espresso Bar,BEVERAGES,5.00,1.0,false,false
180,5/18/24 6:06 PM,Nazionale - Baladin,,Beer,BEVERAGES,8.50,1.0,false,false
182,5/18/24 6:12 PM,Glass Primitivo Li Veli,,Wine - Glasses,BEVERAGES,13.00,1.0,false,false
182,5/18/24 6:12 PM,Super Floreale - Baladin,,Beer,BEVERAGES,8.50,1.0,false,false
182,5/18/24 6:12 PM,TIROLESE,,Pasta,FOOD,19.48,1.0,false,false
182,5/18/24 6:12 PM,LASAGNA,,Pasta,FOOD,18.55,1.0,false,false
182,5/18/24 6:12 PM,Side Focaccia,,,,2.00,1.0,false,false
179,5/18/24 6:03 PM,Glass Barbera D'Asti - Le Orme,,Wine - Glasses,BEVERAGES,11.00,1.0,false,false
179,5/18/24 6:03 PM,Glass Nerello Mascalese - Libero,,Wine - Glasses,BEVERAGES,11.00,1.0,false,false
179,5/18/24 6:03 PM,Crostoni,,Antipasti,FOOD,11.13,1.0,false,false
179,5/18/24 6:03 PM,BOLOGNESE,,Pasta,FOOD,18.55,1.0,false,false
179,5/18/24 6:03 PM,PUGLIESE,,Pasta,FOOD,20.41,1.0,false,false
180,5/18/24 6:06 PM,Full Tante Belle Cose,,Antipasti,FOOD,20.87,0.5,false,false
180,5/18/24 6:06 PM,LASAGNA,,Pasta,FOOD,18.55,1.0,false,false
180,5/18/24 6:06 PM,GENOVESE,,Pasta,FOOD,21.33,1.0,false,false
180,5/18/24 6:06 PM,GENOVESE,,Pasta,FOOD,21.33,1.0,false,false
183,5/18/24 6:26 PM,Cincy Godfather,,House Cocktails,BEVERAGES,13.00,1.0,false,false
183,5/18/24 6:26 PM,Glass Primitivo Li Veli,,Wine - Glasses,BEVERAGES,13.00,1.0,false,false
183,5/18/24 6:26 PM,Crostoni,,Antipasti,FOOD,11.13,1.0,false,false
183,5/18/24 6:26 PM,BOLOGNESE,,Pasta,FOOD,18.55,1.0,false,false
183,5/18/24 6:26 PM,SICILIANA,,Pasta,FOOD,16.70,1.0,false,false
180,5/18/24 6:06 PM,Glass Moscato D'Asti - La Morandina,,Wine - Glasses,BEVERAGES,12.00,1.0,false,false
172,5/18/24 5:45 PM,Cappuccino,,Espresso Bar,BEVERAGES,4.25,1.0,false,false
172,5/18/24 5:45 PM,Cappuccino,,Espresso Bar,BEVERAGES,4.25,1.0,false,false
185,5/18/24 6:30 PM,Bellucci,,House Cocktails,BEVERAGES,14.00,1.0,false,false
185,5/18/24 6:30 PM,Bellucci,,House Cocktails,BEVERAGES,14.00,1.0,false,false
185,5/18/24 6:30 PM,Cincy Godfather,,House Cocktails,BEVERAGES,13.00,1.0,false,false
185,5/18/24 6:30 PM,VV Cocktail,,House Cocktails,BEVERAGES,14.00,1.0,false,false
178,5/18/24 5:55 PM,Nocciolino Affogato,,Espresso Bar,BEVERAGES,6.50,1.0,false,false
178,5/18/24 5:55 PM,Latte Macchiato,,Espresso Bar,BEVERAGES,4.75,1.0,false,false
162,5/18/24 4:57 PM,Tartufo Gelato,,BAKERY DISPLAY,RETAIL,6.50,1.0,false,false
162,5/18/24 4:57 PM,Gelato,,BAKERY DISPLAY,RETAIL,3.50,1.0,false,false
162,5/18/24 4:57 PM,Latte Macchiato,,Espresso Bar,BEVERAGES,4.75,1.0,false,false
162,5/18/24 4:57 PM,Mokaccino Ferrero Rocher,,Espresso Bar,BEVERAGES,5.00,1.0,false,false
162,5/18/24 4:57 PM,Campari Spritz,,House Cocktails,BEVERAGES,13.50,1.0,false,false
162,5/18/24 4:57 PM,SLICE CROSTATA,,BAKERY DISPLAY,RETAIL,6.00,1.0,false,false
186,5/18/24 6:33 PM,Espresso Martini,,House Cocktails,BEVERAGES,14.00,1.0,false,false
186,5/18/24 6:33 PM,Peroni - Bottle,,Beer,BEVERAGES,4.50,1.0,false,false
162,5/18/24 4:57 PM,FLUTE sorbetto & gelato,,BAKERY DISPLAY,RETAIL,7.50,1.0,false,false
186,5/18/24 6:33 PM,NAPULÈ,,Panini,FOOD,11.13,1.0,false,false
186,5/18/24 6:33 PM,SOFIA LOREN,,Salad,FOOD,14.85,1.0,false,false
187,5/18/24 6:41 PM,SINGLE SERVING glass coppa,,BAKERY DISPLAY,RETAIL,4.61,1.0,false,false
187,5/18/24 6:41 PM,Single serving desserts,,BAKERY DISPLAY,RETAIL,3.52,1.0,false,false
187,5/18/24 6:41 PM,VV Cantuccini,,MARKET,RETAIL,2.77,1.0,false,false
188,5/18/24 6:41 PM,Bellucci,,House Cocktails,BEVERAGES,14.00,1.0,false,false
188,5/18/24 6:41 PM,Peroni - Draft,,Beer,BEVERAGES,7.00,1.0,false,false
188,5/18/24 6:41 PM,LUCIA,,Salad,FOOD,16.24,1.0,false,false
188,5/18/24 6:41 PM,PUGLIESE,,Pasta,FOOD,20.41,1.0,false,false
185,5/18/24 6:30 PM,Full Tante Belle Cose,,Antipasti,FOOD,20.87,0.5,false,false
185,5/18/24 6:30 PM,SOFIA LOREN,,Salad,FOOD,14.85,1.0,false,false
185,5/18/24 6:30 PM,GENOVESE,,Pasta,FOOD,21.33,1.0,false,false
185,5/18/24 6:30 PM,BOLOGNESE,,Pasta,FOOD,18.55,1.0,false,false
185,5/18/24 6:30 PM,BOLOGNESE,,Pasta,FOOD,18.55,1.0,false,false
185,5/18/24 6:30 PM,MINA,,Salad,FOOD,16.24,1.0,false,false
180,5/18/24 6:06 PM,Nazionale - Baladin,,Beer,BEVERAGES,8.50,1.0,false,false
180,5/18/24 6:06 PM,Nazionale - Baladin,,Beer,BEVERAGES,8.50,1.0,false,false
180,5/18/24 6:06 PM,Glass Chianti Riserva - San Vincente,,Wine - Glasses,BEVERAGES,13.00,1.0,false,false
189,5/18/24 6:46 PM,TIRAMISU,,BAKERY DISPLAY,RETAIL,6.50,1.0,false,false
189,5/18/24 6:46 PM,ECLAIR/ROLL,,BAKERY DISPLAY,RETAIL,5.50,1.0,false,false
189,5/18/24 6:46 PM,Latte Macchiato,,Espresso Bar,BEVERAGES,4.25,1.0,false,false
182,5/18/24 6:12 PM,FLUTE sorbetto & gelato,,BAKERY DISPLAY,RETAIL,7.50,1.0,false,false
190,5/18/24 6:52 PM,Bomba gelato,,BAKERY DISPLAY,RETAIL,7.50,1.0,false,false
195,5/18/24 6:57 PM,BOLOGNESE,,Pasta,FOOD,18.55,1.0,false,false
195,5/18/24 6:57 PM,PUGLIESE,,Pasta,FOOD,20.41,1.0,false,false
179,5/18/24 6:03 PM,TIRAMISU,,BAKERY DISPLAY,RETAIL,6.50,1.0,false,false
196,5/18/24 6:58 PM,Mokaccino,,Espresso Bar,BEVERAGES,4.00,1.0,false,false
196,5/18/24 6:58 PM,Espresso Macchiato,,Espresso Bar,BEVERAGES,3.25,1.0,false,false
196,5/18/24 6:58 PM,Choc Salami/Caprese mono,,BAKERY DISPLAY,RETAIL,3.50,1.0,false,false
194,5/18/24 6:57 PM,Glass Chianti Riserva - San Vincente,,Wine - Glasses,BEVERAGES,13.00,1.0,false,false
194,5/18/24 6:57 PM,Crostoni,,Antipasti,FOOD,11.13,1.0,false,false
194,5/18/24 6:57 PM,BOLOGNESE,,Pasta,FOOD,18.55,1.0,false,false
194,5/18/24 6:57 PM,BOLOGNESE,,Pasta,FOOD,18.55,1.0,false,false
200,5/18/24 7:06 PM,Limoncello Spritz,,House Cocktails,BEVERAGES,13.50,1.0,false,false
200,5/18/24 7:06 PM,Cincy Godfather,,House Cocktails,BEVERAGES,13.00,1.0,false,false
201,5/18/24 7:09 PM,Glass Prosecco Brut - Castel Nuovo del Garda,,Wine - Glasses,BEVERAGES,12.00,1.0,false,false
201,5/18/24 7:09 PM,Glass Rosato di Ampeleia - Ampeleia,,Wine - Glasses,BEVERAGES,13.50,1.0,false,false
201,5/18/24 7:09 PM,LUCIA,,Salad,FOOD,16.24,1.0,false,false
195,5/18/24 6:57 PM,Valpollicella C!assico Superiore - Tenuta Santa Maria,,Wine - Bottles,BEVERAGES,37.00,1.0,false,false
202,5/18/24 7:10 PM,Aperol Spritz,,House Cocktails,BEVERAGES,13.50,1.0,false,false
202,5/18/24 7:10 PM,SOFIA LOREN,,Salad,FOOD,14.85,1.0,false,false
203,5/18/24 7:11 PM,VV Tarallini\Friselline,,MARKET,RETAIL,4.99,1.0,false,false
181,5/18/24 6:09 PM,Santal Fruit Juice,,Non-Alcoholic,BEVERAGES,2.95,1.0,false,false
181,5/18/24 6:09 PM,MINA,,Salad,FOOD,16.24,1.0,false,false
181,5/18/24 6:09 PM,TUSCAN RIBOLLITA,,Soup,FOOD,14.85,1.0,false,false
181,5/18/24 6:09 PM,BOLOGNESE,,Pasta,FOOD,18.55,1.0,false,false
181,5/18/24 6:09 PM,Glass Primitivo Li Veli,,Wine - Glasses,BEVERAGES,13.00,1.0,false,false
181,5/18/24 6:09 PM,TIROLESE,,Pasta,FOOD,19.48,1.0,false,false
181,5/18/24 6:09 PM,BOLOGNESE,,Pasta,FOOD,18.55,1.0,false,false
181,5/18/24 6:09 PM,LUCIA,,Salad,FOOD,16.24,1.0,false,false
181,5/18/24 6:09 PM,Glass Chianti Riserva - San Vincente,,Wine - Glasses,BEVERAGES,13.00,1.0,false,false
181,5/18/24 6:09 PM,Glass Chianti Riserva - San Vincente,,Wine - Glasses,BEVERAGES,13.00,1.0,false,false
202,5/18/24 7:10 PM,PUGLIESE,,Pasta,FOOD,20.41,1.0,false,false
202,5/18/24 7:10 PM,BOLOGNESE,,Pasta,FOOD,18.55,1.0,false,false
183,5/18/24 6:26 PM,SLICE CAKE,,BAKERY DISPLAY,RETAIL,6.50,1.0,false,false
183,5/18/24 6:26 PM,Single serving desserts,,BAKERY DISPLAY,RETAIL,6.50,1.0,false,false
180,5/18/24 6:06 PM,Espresso Quarta,,Espresso Bar,BEVERAGES,3.00,1.0,false,false
180,5/18/24 6:06 PM,Single serving desserts,,BAKERY DISPLAY,RETAIL,6.50,1.0,false,false
180,5/18/24 6:06 PM,FLUTE sorbetto & gelato,,BAKERY DISPLAY,RETAIL,7.50,1.0,false,false
180,5/18/24 6:06 PM,TIRAMISU,,BAKERY DISPLAY,RETAIL,6.50,1.0,false,false
180,5/18/24 6:06 PM,SLICE CAKE,,BAKERY DISPLAY,RETAIL,6.50,1.0,false,false
183,5/18/24 6:26 PM,Prosecco Brut - Castel Nuovo del Garda,,Wine - Bottles,BEVERAGES,36.00,1.0,true,false
185,5/18/24 6:30 PM,Chianti Riserva - San Vincente,,Wine - Bottles,BEVERAGES,21.00,0.5,false,false
191,5/18/24 6:54 PM,Prosecco Rose - Castel Nuovo del Garda,,Wine - Bottles,BEVERAGES,36.00,1.0,false,false
191,5/18/24 6:54 PM,Peroni - Draft,,Beer,BEVERAGES,7.00,1.0,false,false
188,5/18/24 6:41 PM,TIRAMISU,,BAKERY DISPLAY,RETAIL,6.50,1.0,false,false
188,5/18/24 6:41 PM,Tartufo Gelato,,BAKERY DISPLAY,RETAIL,6.50,1.0,false,false
180,5/18/24 6:06 PM,Full Tante Belle Cose,,Antipasti,FOOD,20.87,0.5,false,false
186,5/18/24 6:33 PM,SLICE CAKE,,BAKERY DISPLAY,RETAIL,6.50,1.0,false,false
204,5/18/24 7:12 PM,SLICE CAKE,,BAKERY DISPLAY,RETAIL,6.50,1.0,false,false
207,5/18/24 7:32 PM,Limoncello Spritz,,House Cocktails,BEVERAGES,13.50,1.0,false,false
207,5/18/24 7:32 PM,Espresso Martini,,House Cocktails,BEVERAGES,14.00,1.0,false,false
207,5/18/24 7:32 PM,TIROLESE,,Pasta,FOOD,19.48,1.0,false,false
207,5/18/24 7:32 PM,GENOVESE,,Pasta,FOOD,17.63,1.0,false,false
191,5/18/24 6:54 PM,Crostoni,,Antipasti,FOOD,11.13,1.0,false,false
191,5/18/24 6:54 PM,GENOVESE,,Pasta,FOOD,21.33,1.0,false,false
191,5/18/24 6:54 PM,LASAGNA,,Pasta,FOOD,18.55,1.0,false,false
191,5/18/24 6:54 PM,LASAGNA,,Pasta,FOOD,18.55,1.0,false,false
201,5/18/24 7:09 PM,BOLOGNESE,,Pasta,FOOD,18.55,1.0,false,false
201,5/18/24 7:09 PM,BOLOGNESE,,Pasta,FOOD,18.55,1.0,false,false
208,5/18/24 7:42 PM,Espresso Martini,,House Cocktails,BEVERAGES,14.00,1.0,false,false
208,5/18/24 7:42 PM,Cincy Godfather,,House Cocktails,BEVERAGES,13.00,1.0,false,false
209,5/18/24 7:43 PM,Aperol Spritz,,House Cocktails,BEVERAGES,13.50,1.0,false,false
209,5/18/24 7:43 PM,Aperol Spritz,,House Cocktails,BEVERAGES,13.50,1.0,false,false
193,5/18/24 6:56 PM,Carmignano - Tenuta Le Farnete,,Wine - Bottles,BEVERAGES,40.00,1.0,false,false
194,5/18/24 6:57 PM,Glass Chianti Riserva - San Vincente,,Wine - Glasses,BEVERAGES,13.00,1.0,false,false
208,5/18/24 7:42 PM,LASAGNA,,Pasta,FOOD,18.55,1.0,false,false
208,5/18/24 7:42 PM,ALBERTO SORDI,,Salad,FOOD,14.85,1.0,false,false
208,5/18/24 7:42 PM,VELLUTATA,,Soup,FOOD,14.85,1.0,false,false
209,5/18/24 7:43 PM,Crostoni,,Antipasti,FOOD,11.13,1.0,false,false
209,5/18/24 7:43 PM,LUCIA,,Salad,FOOD,16.24,1.0,false,false
201,5/18/24 7:09 PM,Glass Prosecco Brut - Castel Nuovo del Garda,,Wine - Glasses,BEVERAGES,12.00,1.0,false,false
207,5/18/24 7:32 PM,Aperol Spritz,,House Cocktails,BEVERAGES,13.50,1.0,false,false
191,5/18/24 6:54 PM,Peroni - Draft,,Beer,BEVERAGES,7.00,1.0,false,false
202,5/18/24 7:10 PM,Single serving desserts,,BAKERY DISPLAY,RETAIL,6.50,1.0,false,false
193,5/18/24 6:56 PM,Crostoni,,Antipasti,FOOD,11.13,1.0,false,false
193,5/18/24 6:56 PM,SICILIANA,,Pasta,FOOD,16.70,1.0,false,false
194,5/18/24 6:57 PM,Espresso Quarta,,Espresso Bar,BEVERAGES,3.00,1.0,false,false
194,5/18/24 6:57 PM,Espresso Quarta,,Espresso Bar,BEVERAGES,3.00,1.0,false,false
201,5/18/24 7:09 PM,Glass Rosato di Ampeleia - Ampeleia,,Wine - Glasses,BEVERAGES,13.50,1.0,false,false
208,5/18/24 7:42 PM,Espresso Martini,,House Cocktails,BEVERAGES,14.00,1.0,false,false
211,5/18/24 8:10 PM,BOLOGNESE,,Pasta,FOOD,0.00,1.0,false,false
212,5/18/24 8:12 PM,Negroni,,House Cocktails,BEVERAGES,13.00,1.0,false,false
212,5/18/24 8:12 PM,LUCIA,,Salad,FOOD,16.24,1.0,false,false
212,5/18/24 8:12 PM,SICILIANA,,Pasta,FOOD,16.70,1.0,false,false
209,5/18/24 7:43 PM,SICILIANA,,Pasta,FOOD,16.70,1.0,false,false
201,5/18/24 7:09 PM,SLICE CAKE,,BAKERY DISPLAY,RETAIL,6.50,1.0,false,false
213,5/18/24 8:20 PM,Mokaccino Ferrero Rocher,,Espresso Bar,BEVERAGES,5.00,1.0,false,false
213,5/18/24 8:20 PM,Mokaccino Ferrero Rocher,,Espresso Bar,BEVERAGES,5.00,1.0,false,false
185,5/18/24 6:30 PM,Crema Catalana,,BAKERY DISPLAY,RETAIL,8.50,1.0,false,false
185,5/18/24 6:30 PM,SLICE CAKE,,BAKERY DISPLAY,RETAIL,6.50,1.0,false,false
185,5/18/24 6:30 PM,Peroni - Draft,,Beer,BEVERAGES,7.00,1.0,false,false
191,5/18/24 6:54 PM,SLICE CROSTATA,,BAKERY DISPLAY,RETAIL,6.00,1.0,false,false
214,5/18/24 8:30 PM,AL PACINO,,Salad,FOOD,13.91,1.0,false,false
214,5/18/24 8:30 PM,PUGLIESE,,Pasta,FOOD,20.41,1.0,false,false
214,5/18/24 8:30 PM,Espresso doppio-double espresso,,Espresso Bar,BEVERAGES,3.50,1.0,false,false
216,5/18/24 8:30 PM,Primitivo Orion - Masseria Li Veli,,Wine - Bottles,BEVERAGES,30.00,1.0,false,false
216,5/18/24 8:30 PM,Fritto Misto,,Antipasti,FOOD,11.13,1.0,false,false
217,5/18/24 8:34 PM,Glass Prosecco Brut - Castel Nuovo del Garda,,Wine - Glasses,BEVERAGES,12.00,1.0,false,false
217,5/18/24 8:34 PM,Glass Chianti Riserva - San Vincente,,Wine - Glasses,BEVERAGES,13.00,1.0,false,false
191,5/18/24 6:54 PM,Single serving desserts,,BAKERY DISPLAY,RETAIL,3.25,0.5,false,false
213,5/18/24 8:20 PM,Choc Salami/Caprese mono,,BAKERY DISPLAY,RETAIL,3.50,1.0,false,false
213,5/18/24 8:20 PM,Choc Salami/Caprese mono,,BAKERY DISPLAY,RETAIL,3.50,1.0,false,false
217,5/18/24 8:34 PM,Crostoni,,Antipasti,FOOD,11.13,1.0,false,false
217,5/18/24 8:34 PM,O SOLE MIO,,Panini,FOOD,11.13,1.0,false,false
217,5/18/24 8:34 PM,Roasted Potatoes,,Panini,FOOD,4.17,1.0,false,false
217,5/18/24 8:34 PM,PUGLIESE,,Pasta,FOOD,20.41,1.0,false,false
191,5/18/24 6:54 PM,Single serving desserts,,BAKERY DISPLAY,RETAIL,3.25,0.5,false,false
193,5/18/24 6:56 PM,Bomba gelato,,BAKERY DISPLAY,RETAIL,7.50,1.0,false,false
193,5/18/24 6:56 PM,Limoncello Caravella,,Digestivi,BEVERAGES,7.00,1.0,false,false
212,5/18/24 8:12 PM,SLICE CAKE,,BAKERY DISPLAY,RETAIL,6.50,1.0,false,false
212,5/18/24 8:12 PM,SLICE CAKE,,BAKERY DISPLAY,RETAIL,6.50,1.0,false,false
212,5/18/24 8:12 PM,SLICE CAKE,,BAKERY DISPLAY,RETAIL,6.50,1.0,false,false
209,5/18/24 7:43 PM,Espresso Martini,,House Cocktails,BEVERAGES,14.00,1.0,false,false
209,5/18/24 7:43 PM,Espresso Martini,,House Cocktails,BEVERAGES,14.00,1.0,false,false
220,5/18/24 9:00 PM,SLICE CAKE,,BAKERY DISPLAY,RETAIL,6.50,1.0,false,false
220,5/18/24 9:00 PM,SINGLE SERVING glass coppa,,BAKERY DISPLAY,RETAIL,8.50,1.0,false,false
214,5/18/24 8:30 PM,SLICE CAKE,,BAKERY DISPLAY,RETAIL,6.50,1.0,false,false
214,5/18/24 8:30 PM,SLICE CROSTATA,,BAKERY DISPLAY,RETAIL,6.00,1.0,false,false
185,5/18/24 6:30 PM,Full Tante Belle Cose,,Antipasti,FOOD,20.87,0.5,false,false
185,5/18/24 6:30 PM,Chianti Riserva - San Vincente,,Wine - Bottles,BEVERAGES,21.00,0.5,false,false
217,5/18/24 8:34 PM,Espresso Quarta,,Espresso Bar,BEVERAGES,3.00,1.0,false,false
216,5/18/24 8:30 PM,Primitivo Orion - Masseria Li Veli,,RETAIL WINE,RETAIL,15.00,1.0,false,false
